Level,Category,Structure / Grammar Topic
B1,Sustantivos & artículos,Nouns: common, proper, count vs mass; basic article + noun usage
B1,Pronouns & determiners,Subject pronouns; basic direct and indirect object pronouns; reflexive pronouns; demonstratives (este/esa/…)
B1,Verbs – tenses & moods,Present indicative; Preterito indefinido; Preterito imperfecto; Pretérito perfecto (basic use); Near-future (ir a + infinitive); Simple future (basic); Conditional simple (basic); Basic “hay / había” for existence
B1,Verbs – usage & syntax,Reflexive verbs (daily-life contexts); object pronouns; simple subordinate clauses (temporal, causal, conditional, limited relative); simple negation; basic conjunctions (y, pero, porque, cuando, si …)
B1,Adjectives / Adverbs / Modifiers,Adjective–noun agreement (gender, number); basic comparatives & superlatives; common adverbs and quantifiers (mucho, poco, siempre, a veces etc.)
B1,Sentence structure & communication,Simple sentence structure; simple coordination & basic subordinate clauses; ability to narrate past events, describe routine / experiences / plans; express intentions, obligations with basic periphrastic constructions
B1,Functional / communicative grammar,Express simple opinions, desires, plans; ask/answer questions about daily life, experiences; basic writing (short messages, simple connected text); read simple texts; understand slow/clear spoken Spanish on familiar topics
B2,Sustantivos & artículos,Refined noun usage: invariable nouns, epicene nouns, mass/un-count nouns, gender-variable nouns, proper name/article usage (e.g. geographical names, topónimos with/without article)
B2,Pronouns & determiners,Advanced pronoun usage: double object pronouns; neuter “lo” for abstract/general ideas; demonstratives and determiners in complex contexts
B2,Verbs – tenses & moods,Full indicative tenses (present; indefinido; imperfecto; pluscuamperfecto; pretérito perfecto; simple future; futuro perfecto; conditional simple; conditional perfect); full subjunctive mood (present, imperfect/past, perfect subjunctive where required); modal/periphrastic verbs (deber, tener que, poder, deber de, etc.); pronominal / reflexive verbs including emphatic reflexives
B2,Verbs – usage & complex syntax,Complex subordinate clauses: conditional (si + subjuntivo), temporal, causal, concessive, purpose, manner; relative clauses including “el/la que,” “quien,” prepositional relatives; indirect / reported speech; passive & impersonal constructions (pasiva perifrástica, “se” impersonal); advanced use of connectors and discourse markers; conditional / hypothetical sentences
B2,Adjectives / Adverbs / Modifiers & Style,Nuanced use of adjectives/adverbs; neuter “lo + adjective/adverb + que + verb” constructions; indefinite adjectives (cualquier, cualquiera) in abstract contexts; adverbial phrases (manner, degree, quantity); idiomatic / colloquial modifiers; irregular/idiomatic comparative/superlative forms; adverbial expressions for modality, emphasis, evaluation
B2,Syntax & sentence structure,Complex sentences with multiple subordinate clauses, nested structures, nominalizations, clause reduction, formal and informal registers; cohesive & coherent discourse production (narration, description, argumentation, hypotheticals)
B2,Functional / communicative grammar,Express opinions, hypotheses, doubts, speculations; discuss abstract or complex topics (culture, politics, hypothetical situations); write detailed structured texts (essays, reports, formal/informal letters); speak and understand near-native speed on complex topics; interpret implicit meaning; use different registers (formal, colloquial, informal)
B2,Vocabulary & lexical-grammatical integration,Expanded lexical scope (society, culture, abstract ideas); ability to use idiomatic expressions, colloquialisms; integrate grammar with vocabulary to express nuance, subtlety and complexity
